seed,order,MM check,placed item,expected GI / tier,route,group,Alt ON,Alt OFF,ON-OFF-ON,shimmer / particles,clipping / stretching,notes
01-MM-All-Equipment-Progressive-20261007.json,1,Clock Town West Trading Post Pot,Progressive Kokiri Sword,Kokiri Sword,Foreign OoT in MM,Kokiri chain 1/3,,,,,,
01-MM-All-Equipment-Progressive-20261007.json,2,Swordsman School Pot 01,Progressive Kokiri Sword,Razor Sword,Foreign OoT in MM,Kokiri chain 2/3,,,,,,
01-MM-All-Equipment-Progressive-20261007.json,3,Swordsman School Pot 02,Progressive Kokiri Sword,Gilded Sword,Foreign OoT in MM,Kokiri chain 3/3,,,,,,
01-MM-All-Equipment-Progressive-20261007.json,4,Swordsman School Pot 03,Progressive Master Sword,Master Sword,Foreign OoT in MM,Master chain 1/2,,,,,,
01-MM-All-Equipment-Progressive-20261007.json,5,Swordsman School Pot 04,Progressive Master Sword,True Master Sword,Foreign OoT in MM,Master chain 2/2,,,,,,
01-MM-All-Equipment-Progressive-20261007.json,6,Swordsman School Pot 05,Progressive Biggoron's Sword,Biggoron's Sword,Foreign OoT in MM,Biggoron chain 1/2,,,,,,
01-MM-All-Equipment-Progressive-20261007.json,7,Astral Observatory Passage Pot 01,Progressive Biggoron's Sword,Great Fairy's Sword,Foreign OoT in MM,Biggoron chain 2/2,,,,,,
01-MM-All-Equipment-Progressive-20261007.json,8,Astral Observatory Passage Pot 02,Four Sword,Four Sword,Foreign OoT in MM,Equipment,,,,,,
01-MM-All-Equipment-Progressive-20261007.json,9,Astral Observatory Passage Pot 03,Trident,Trident,Foreign OoT in MM,Equipment,,,,,,
01-MM-All-Equipment-Progressive-20261007.json,10,Astral Observatory Passage Pot 04,Cane of Byrna,Cane of Byrna,Foreign OoT in MM,Equipment,,,,,,
01-MM-All-Equipment-Progressive-20261007.json,11,Astral Observatory Pot 01,Champion's Tunic,Champion's Tunic,Foreign OoT in MM,Equipment,,,,,,
01-MM-All-Equipment-Progressive-20261007.json,12,Astral Observatory Pot 02,Sage's Tunic,Sage's Tunic,Foreign OoT in MM,Equipment,,,,,,
01-MM-All-Equipment-Progressive-20261007.json,13,Astral Observatory Pot 03,Magic Tunic,Magic Tunic,Foreign OoT in MM,Equipment,,,,,,
01-MM-All-Equipment-Progressive-20261007.json,14,Astral Observatory Passage Chest,Magic Cape,Magic Cape,Foreign OoT in MM,Equipment,,,,,,
01-MM-All-Equipment-Progressive-20261007.json,15,Clock Town East Upper Chest,Goron Tunic,Goron Tunic,Foreign OoT in MM,Equipment,,,,,,
01-MM-All-Equipment-Progressive-20261007.json,16,Clock Town South Chest Lower,Zora Tunic,Zora Tunic,Foreign OoT in MM,Equipment,,,,,,
01-MM-All-Equipment-Progressive-20261007.json,17,Clock Town South Chest Upper,Iron Boots,Iron Boots,Foreign OoT in MM,Equipment,,,,,,
01-MM-All-Equipment-Progressive-20261007.json,18,Clock Town East Small Crate 01,Hover Boots,Hover Boots,Foreign OoT in MM,Equipment,,,,,,
01-MM-All-Equipment-Progressive-20261007.json,19,Clock Town East Small Crate 02,Pegasus Boots,Pegasus Boots,Foreign OoT in MM,Equipment,,,,,,
01-MM-All-Equipment-Progressive-20261007.json,20,Clock Town Laundry Small Crate,Climb Boots,Climb Boots,Foreign OoT in MM,Equipment,,,,,,
01-MM-All-Equipment-Progressive-20261007.json,21,Clock Town Laundry Freestanding Rupee 01,Roc's Boots,Roc's Boots,Foreign OoT in MM,Equipment,,,,,,
01-MM-All-Equipment-Progressive-20261007.json,22,Clock Town Laundry Freestanding Rupee 02,Pendant of Memories,Pendant of Memories,Foreign OoT in MM,Equipment,,,,,,
01-MM-All-Equipment-Progressive-20261007.json,23,Clock Town Laundry Freestanding Rupee 03,Deku Shield,Deku Shield,Foreign OoT in MM,Equipment,,,,,,
01-MM-All-Equipment-Progressive-20261007.json,24,Stock Pot Inn Guest Room Chest,Hylian Shield,Hylian Shield,Foreign OoT in MM,Equipment,,,,,,
01-MM-All-Equipment-Progressive-20261007.json,25,Stock Pot Inn Staff Room Chest,Mirror Shield,Mirror Shield,Foreign OoT in MM,Equipment,,,,,,
01-MM-All-Equipment-Progressive-20261007.json,26,Termina Field Tall Grass Chest,Goddess Shield,Goddess Shield,Foreign OoT in MM,Equipment,,,,,,
01-MM-All-Equipment-Progressive-20261007.json,27,Termina Field Tree Stump Chest,Kite Shield,Kite Shield,Foreign OoT in MM,Equipment,,,,,,
01-MM-All-Equipment-Progressive-20261007.json,28,Termina Field Water Chest,Shield of Ikana,Shield of Ikana,Foreign OoT in MM,Equipment,,,,,,
01-MM-All-Equipment-Progressive-20261007.json,29,Termina Field Peahat Grotto Chest,Megaton Hammer,Megaton Hammer,Foreign OoT in MM,Equipment,,,,,,
01-MM-All-Equipment-Progressive-20261007.json,30,Termina Field Pillar Grotto Chest,Iron Knuckle's Axe,Iron Knuckle's Axe,Foreign OoT in MM,Equipment,,,,,,
01-MM-All-Equipment-Progressive-20261007.json,31,Termina Field Dodongo Grotto Chest,Giant's Knife,Giant's Knife,Foreign OoT in MM,Equipment,,,,,,
01-MM-All-Equipment-Progressive-20261007.json,32,Termina Field Tall Grass Grotto Chest,Broken Goron's Sword,Broken Goron's Sword,Foreign OoT in MM,Equipment,,,,,,
01-MM-All-Equipment-Progressive-20261007.json,33,Termina Field Bio Baba Grotto,Roc's Feather,Roc's Feather,Foreign OoT in MM,Equipment,,,,,,
01-MM-All-Equipment-Progressive-20261007.json,34,Termina Field Pot,Roc's Cape,Roc's Cape,Foreign OoT in MM,Equipment,,,,,,
01-MM-All-Equipment-Progressive-20261007.json,35,Termina Field Scrub Pot,Power Bracelet,Power Bracelet,Foreign OoT in MM,Equipment,,,,,,
01-MM-All-Equipment-Progressive-20261007.json,36,Clock Town East Treasure Chest Game Human,Goron's Bracelet,Goron's Bracelet,Foreign OoT in MM,Equipment,,,,,,
01-MM-All-Equipment-Progressive-20261007.json,37,Clock Town East Treasure Chest Game Deku,Silver Gauntlets,Silver Gauntlets,Foreign OoT in MM,Equipment,,,,,,
01-MM-All-Equipment-Progressive-20261007.json,38,Clock Town East Treasure Chest Game Goron,Golden Gauntlets,Golden Gauntlets,Foreign OoT in MM,Equipment,,,,,,
01-MM-All-Equipment-Progressive-20261007.json,39,Clock Town East Treasure Chest Game Zora,Bronze Scale,Bronze Scale,Foreign OoT in MM,Equipment,,,,,,
01-MM-All-Equipment-Progressive-20261007.json,40,Termina Field Scrub Large Crate,Silver Scale,Silver Scale,Foreign OoT in MM,Equipment,,,,,,
01-MM-All-Equipment-Progressive-20261007.json,41,Termina Field Freestanding Rupee 01,Golden Scale,Golden Scale,Foreign OoT in MM,Equipment,,,,,,
01-MM-All-Equipment-Progressive-20261007.json,42,Termina Field Man In The Tree Rupee 01,Stone of Agony,Stone of Agony,Foreign OoT in MM,Equipment,,,,,,
01-MM-All-Equipment-Progressive-20261007.json,43,Termina Field Man In The Tree Rupee 02,Quartz of Motion,Quartz of Motion,Foreign OoT in MM,Equipment,,,,,,
01-MM-All-Equipment-Progressive-20261007.json,44,Deku Playground Day 1 Rupee 01,Hero's Shield,Hero's Shield,Native MM,Native MM equipment,,,,,,
01-MM-All-Equipment-Progressive-20261007.json,45,Deku Playground Day 1 Rupee 02,Great Deku Tree Map,Great Deku Tree Map,Foreign OoT in MM,OoT map and compass hints,,,,,,
01-MM-All-Equipment-Progressive-20261007.json,46,Deku Playground Day 1 Rupee 03,Great Deku Tree Compass,Great Deku Tree Compass,Foreign OoT in MM,OoT map and compass hints,,,,,,
01-MM-All-Equipment-Progressive-20261007.json,47,Deku Playground Day 1 Rupee 04,Dodongo's Cavern Map,Dodongo's Cavern Map,Foreign OoT in MM,OoT map and compass hints,,,,,,
01-MM-All-Equipment-Progressive-20261007.json,48,Deku Playground Day 1 Rupee 05,Dodongo's Cavern Compass,Dodongo's Cavern Compass,Foreign OoT in MM,OoT map and compass hints,,,,,,
01-MM-All-Equipment-Progressive-20261007.json,49,Deku Playground Day 1 Rupee 06,Jabu-Jabu's Belly Map,Jabu-Jabu's Belly Map,Foreign OoT in MM,OoT map and compass hints,,,,,,
01-MM-All-Equipment-Progressive-20261007.json,50,Deku Playground Day 2 Rupee 01,Jabu-Jabu's Belly Compass,Jabu-Jabu's Belly Compass,Foreign OoT in MM,OoT map and compass hints,,,,,,
01-MM-All-Equipment-Progressive-20261007.json,51,Deku Playground Day 2 Rupee 02,Forest Temple Map,Forest Temple Map,Foreign OoT in MM,OoT map and compass hints,,,,,,
01-MM-All-Equipment-Progressive-20261007.json,52,Deku Playground Day 2 Rupee 03,Forest Temple Compass,Forest Temple Compass,Foreign OoT in MM,OoT map and compass hints,,,,,,
01-MM-All-Equipment-Progressive-20261007.json,53,Deku Playground Day 2 Rupee 04,Fire Temple Map,Fire Temple Map,Foreign OoT in MM,OoT map and compass hints,,,,,,
01-MM-All-Equipment-Progressive-20261007.json,54,Deku Playground Day 2 Rupee 05,Fire Temple Compass,Fire Temple Compass,Foreign OoT in MM,OoT map and compass hints,,,,,,
01-MM-All-Equipment-Progressive-20261007.json,55,Deku Playground Day 2 Rupee 06,Water Temple Map,Water Temple Map,Foreign OoT in MM,OoT map and compass hints,,,,,,
01-MM-All-Equipment-Progressive-20261007.json,56,Deku Playground Day 3 Rupee 01,Water Temple Compass,Water Temple Compass,Foreign OoT in MM,OoT map and compass hints,,,,,,
01-MM-All-Equipment-Progressive-20261007.json,57,Deku Playground Day 3 Rupee 02,Spirit Temple Map,Spirit Temple Map,Foreign OoT in MM,OoT map and compass hints,,,,,,
01-MM-All-Equipment-Progressive-20261007.json,58,Deku Playground Day 3 Rupee 03,Spirit Temple Compass,Spirit Temple Compass,Foreign OoT in MM,OoT map and compass hints,,,,,,
01-MM-All-Equipment-Progressive-20261007.json,59,Deku Playground Day 3 Rupee 04,Shadow Temple Map,Shadow Temple Map,Foreign OoT in MM,OoT map and compass hints,,,,,,
01-MM-All-Equipment-Progressive-20261007.json,60,Deku Playground Day 3 Rupee 05,Shadow Temple Compass,Shadow Temple Compass,Foreign OoT in MM,OoT map and compass hints,,,,,,
01-MM-All-Equipment-Progressive-20261007.json,61,Deku Playground Day 3 Rupee 06,Woodfall Small Key,Woodfall Small Key,Foreign OoT in MM,MM dungeon items,,,,,,
01-MM-All-Equipment-Progressive-20261007.json,62,Termina Field Guay Rupee Drop 01,Woodfall Boss Key,Woodfall Boss Key,Foreign OoT in MM,MM dungeon items,,,,,,
01-MM-All-Equipment-Progressive-20261007.json,63,Termina Field Guay Rupee Drop 02,Woodfall Map,Woodfall Map,Foreign OoT in MM,MM dungeon items,,,,,,
01-MM-All-Equipment-Progressive-20261007.json,64,Termina Field Guay Rupee Drop 03,Woodfall Compass,Woodfall Compass,Foreign OoT in MM,MM dungeon items,,,,,,
01-MM-All-Equipment-Progressive-20261007.json,65,Termina Field Guay Rupee Drop 04,Snowhead Small Key,Snowhead Small Key,Foreign OoT in MM,MM dungeon items,,,,,,
01-MM-All-Equipment-Progressive-20261007.json,66,Termina Field Guay Rupee Drop 05,Snowhead Boss Key,Snowhead Boss Key,Foreign OoT in MM,MM dungeon items,,,,,,
01-MM-All-Equipment-Progressive-20261007.json,67,Termina Field Guay Rupee Drop 06,Snowhead Map,Snowhead Map,Foreign OoT in MM,MM dungeon items,,,,,,
01-MM-All-Equipment-Progressive-20261007.json,68,Termina Field Guay Rupee Drop 07,Snowhead Compass,Snowhead Compass,Foreign OoT in MM,MM dungeon items,,,,,,
01-MM-All-Equipment-Progressive-20261007.json,69,Termina Field Guay Rupee Drop 08,Great Bay Small Key,Great Bay Small Key,Foreign OoT in MM,MM dungeon items,,,,,,
01-MM-All-Equipment-Progressive-20261007.json,70,Termina Field Guay Rupee Drop 09,Great Bay Boss Key,Great Bay Boss Key,Foreign OoT in MM,MM dungeon items,,,,,,
01-MM-All-Equipment-Progressive-20261007.json,71,Termina Field Guay Rupee Drop 10,Great Bay Map,Great Bay Map,Foreign OoT in MM,MM dungeon items,,,,,,
01-MM-All-Equipment-Progressive-20261007.json,72,Termina Field Guay Rupee Drop 11,Great Bay Compass,Great Bay Compass,Foreign OoT in MM,MM dungeon items,,,,,,
01-MM-All-Equipment-Progressive-20261007.json,73,Termina Field Guay Rupee Drop 12,Stone Tower Small Key,Stone Tower Small Key,Foreign OoT in MM,MM dungeon items,,,,,,
01-MM-All-Equipment-Progressive-20261007.json,74,Termina Field Guay Rupee Drop 13,Stone Tower Boss Key,Stone Tower Boss Key,Foreign OoT in MM,MM dungeon items,,,,,,
01-MM-All-Equipment-Progressive-20261007.json,75,Termina Field Guay Rupee Drop 14,Stone Tower Map,Stone Tower Map,Foreign OoT in MM,MM dungeon items,,,,,,
01-MM-All-Equipment-Progressive-20261007.json,76,Termina Field Guay Rupee Drop 15,Stone Tower Compass,Stone Tower Compass,Foreign OoT in MM,MM dungeon items,,,,,,
01-MM-All-Equipment-Progressive-20261007.json,77,Termina Field Guay Rupee Drop 16,Soul of Odolwa,Soul of Odolwa,Foreign OoT in MM,MM boss souls,,,,,,
01-MM-All-Equipment-Progressive-20261007.json,78,Termina Field Guay Rupee Drop 17,Soul of Goht,Soul of Goht,Foreign OoT in MM,MM boss souls,,,,,,
01-MM-All-Equipment-Progressive-20261007.json,79,Termina Field Guay Rupee Drop 18,Soul of Gyorg,Soul of Gyorg,Foreign OoT in MM,MM boss souls,,,,,,
01-MM-All-Equipment-Progressive-20261007.json,80,Termina Field Guay Rupee Drop 19,Soul of Twinmold,Soul of Twinmold,Foreign OoT in MM,MM boss souls,,,,,,
01-MM-All-Equipment-Progressive-20261007.json,81,Termina Field Guay Rupee Drop 20,Soul of Majora,Soul of Majora,Foreign OoT in MM,MM boss souls,,,,,,
01-MM-All-Equipment-Progressive-20261007.json,82,Road To Ikana Chest,Tingle's Clock Town Map,Tingle's Clock Town Map,Foreign OoT in MM,Tingle maps,,,,,,
01-MM-All-Equipment-Progressive-20261007.json,83,Road To Ikana Grotto Chest,Tingle's Woodfall Map,Tingle's Woodfall Map,Foreign OoT in MM,Tingle maps,,,,,,
01-MM-All-Equipment-Progressive-20261007.json,84,Road To Southern Swamp Grotto Chest,Tingle's Snowhead Map,Tingle's Snowhead Map,Foreign OoT in MM,Tingle maps,,,,,,
01-MM-All-Equipment-Progressive-20261007.json,85,Southern Swamp Grotto Chest,Tingle's Romani Ranch Map,Tingle's Romani Ranch Map,Foreign OoT in MM,Tingle maps,,,,,,
01-MM-All-Equipment-Progressive-20261007.json,86,Deku Palace Grotto Chest,Tingle's Great Bay Map,Tingle's Great Bay Map,Foreign OoT in MM,Tingle maps,,,,,,
01-MM-All-Equipment-Progressive-20261007.json,87,Deku Palace Pot 01,Tingle's Stone Tower Map,Tingle's Stone Tower Map,Foreign OoT in MM,Tingle maps,,,,,,
01-MM-All-Equipment-Progressive-20261007.json,88,Deku Palace Pot 02,Bottle With Gold Dust,Bottle With Gold Dust,Foreign OoT in MM,Bottle regressions,,,,,,
01-MM-All-Equipment-Progressive-20261007.json,89,Southern Swamp Clear Pot 01,Bottle with Magic Mushroom,Bottle with Magic Mushroom,Foreign OoT in MM,Bottle regressions,,,,,,
01-MM-All-Equipment-Progressive-20261007.json,90,Road To Ikana Pot,Bottle with Fairy,Bottle with Fairy,Foreign OoT in MM,Bottle regressions,,,,,,
02-MM-Direct-Equipment-Control.json,1,Clock Town West Trading Post Pot,Kokiri Sword,Kokiri Sword,Foreign OoT in MM,Direct equipment control,,,,,,
02-MM-Direct-Equipment-Control.json,2,Swordsman School Pot 01,Razor Sword,Razor Sword,Foreign OoT in MM,Direct equipment control,,,,,,
02-MM-Direct-Equipment-Control.json,3,Swordsman School Pot 02,Gilded Sword,Gilded Sword,Foreign OoT in MM,Direct equipment control,,,,,,
02-MM-Direct-Equipment-Control.json,4,Swordsman School Pot 03,Master Sword,Master Sword,Foreign OoT in MM,Direct equipment control,,,,,,
02-MM-Direct-Equipment-Control.json,5,Swordsman School Pot 04,True Master Sword,True Master Sword,Foreign OoT in MM,Direct equipment control,,,,,,
02-MM-Direct-Equipment-Control.json,6,Swordsman School Pot 05,Biggoron's Sword,Biggoron's Sword,Foreign OoT in MM,Direct equipment control,,,,,,
02-MM-Direct-Equipment-Control.json,7,Astral Observatory Passage Pot 01,Great Fairy's Sword,Great Fairy's Sword,Foreign OoT in MM,Direct equipment control,,,,,,
02-MM-Direct-Equipment-Control.json,8,Astral Observatory Passage Pot 02,Four Sword,Four Sword,Foreign OoT in MM,Direct equipment control,,,,,,
02-MM-Direct-Equipment-Control.json,9,Astral Observatory Passage Pot 03,Trident,Trident,Foreign OoT in MM,Direct equipment control,,,,,,
02-MM-Direct-Equipment-Control.json,10,Astral Observatory Passage Pot 04,Cane of Byrna,Cane of Byrna,Foreign OoT in MM,Direct equipment control,,,,,,
02-MM-Direct-Equipment-Control.json,11,Astral Observatory Pot 01,Champion's Tunic,Champion's Tunic,Foreign OoT in MM,Direct equipment control,,,,,,
02-MM-Direct-Equipment-Control.json,12,Astral Observatory Pot 02,Sage's Tunic,Sage's Tunic,Foreign OoT in MM,Direct equipment control,,,,,,
02-MM-Direct-Equipment-Control.json,13,Astral Observatory Pot 03,Magic Tunic,Magic Tunic,Foreign OoT in MM,Direct equipment control,,,,,,
02-MM-Direct-Equipment-Control.json,14,Astral Observatory Passage Chest,Magic Cape,Magic Cape,Foreign OoT in MM,Direct equipment control,,,,,,
02-MM-Direct-Equipment-Control.json,15,Clock Town East Upper Chest,Goron Tunic,Goron Tunic,Foreign OoT in MM,Direct equipment control,,,,,,
02-MM-Direct-Equipment-Control.json,16,Clock Town South Chest Lower,Zora Tunic,Zora Tunic,Foreign OoT in MM,Direct equipment control,,,,,,
02-MM-Direct-Equipment-Control.json,17,Clock Town South Chest Upper,Iron Boots,Iron Boots,Foreign OoT in MM,Direct equipment control,,,,,,
02-MM-Direct-Equipment-Control.json,18,Clock Town East Small Crate 01,Hover Boots,Hover Boots,Foreign OoT in MM,Direct equipment control,,,,,,
02-MM-Direct-Equipment-Control.json,19,Clock Town East Small Crate 02,Pegasus Boots,Pegasus Boots,Foreign OoT in MM,Direct equipment control,,,,,,
02-MM-Direct-Equipment-Control.json,20,Clock Town Laundry Small Crate,Climb Boots,Climb Boots,Foreign OoT in MM,Direct equipment control,,,,,,
02-MM-Direct-Equipment-Control.json,21,Clock Town Laundry Freestanding Rupee 01,Roc's Boots,Roc's Boots,Foreign OoT in MM,Direct equipment control,,,,,,
02-MM-Direct-Equipment-Control.json,22,Clock Town Laundry Freestanding Rupee 02,Pendant of Memories,Pendant of Memories,Foreign OoT in MM,Direct equipment control,,,,,,
02-MM-Direct-Equipment-Control.json,23,Clock Town Laundry Freestanding Rupee 03,Deku Shield,Deku Shield,Foreign OoT in MM,Direct equipment control,,,,,,
02-MM-Direct-Equipment-Control.json,24,Stock Pot Inn Guest Room Chest,Hylian Shield,Hylian Shield,Foreign OoT in MM,Direct equipment control,,,,,,
02-MM-Direct-Equipment-Control.json,25,Stock Pot Inn Staff Room Chest,Mirror Shield,Mirror Shield,Foreign OoT in MM,Direct equipment control,,,,,,
02-MM-Direct-Equipment-Control.json,26,Termina Field Tall Grass Chest,Goddess Shield,Goddess Shield,Foreign OoT in MM,Direct equipment control,,,,,,
02-MM-Direct-Equipment-Control.json,27,Termina Field Tree Stump Chest,Kite Shield,Kite Shield,Foreign OoT in MM,Direct equipment control,,,,,,
02-MM-Direct-Equipment-Control.json,28,Termina Field Water Chest,Shield of Ikana,Shield of Ikana,Foreign OoT in MM,Direct equipment control,,,,,,
02-MM-Direct-Equipment-Control.json,29,Termina Field Peahat Grotto Chest,Megaton Hammer,Megaton Hammer,Foreign OoT in MM,Direct equipment control,,,,,,
02-MM-Direct-Equipment-Control.json,30,Termina Field Pillar Grotto Chest,Iron Knuckle's Axe,Iron Knuckle's Axe,Foreign OoT in MM,Direct equipment control,,,,,,
02-MM-Direct-Equipment-Control.json,31,Termina Field Dodongo Grotto Chest,Giant's Knife,Giant's Knife,Foreign OoT in MM,Direct equipment control,,,,,,
02-MM-Direct-Equipment-Control.json,32,Termina Field Tall Grass Grotto Chest,Broken Goron's Sword,Broken Goron's Sword,Foreign OoT in MM,Direct equipment control,,,,,,
02-MM-Direct-Equipment-Control.json,33,Termina Field Bio Baba Grotto,Roc's Feather,Roc's Feather,Foreign OoT in MM,Direct equipment control,,,,,,
02-MM-Direct-Equipment-Control.json,34,Termina Field Pot,Roc's Cape,Roc's Cape,Foreign OoT in MM,Direct equipment control,,,,,,
02-MM-Direct-Equipment-Control.json,35,Termina Field Scrub Pot,Power Bracelet,Power Bracelet,Foreign OoT in MM,Direct equipment control,,,,,,
02-MM-Direct-Equipment-Control.json,36,Clock Town East Treasure Chest Game Human,Goron's Bracelet,Goron's Bracelet,Foreign OoT in MM,Direct equipment control,,,,,,
02-MM-Direct-Equipment-Control.json,37,Clock Town East Treasure Chest Game Deku,Silver Gauntlets,Silver Gauntlets,Foreign OoT in MM,Direct equipment control,,,,,,
02-MM-Direct-Equipment-Control.json,38,Clock Town East Treasure Chest Game Goron,Golden Gauntlets,Golden Gauntlets,Foreign OoT in MM,Direct equipment control,,,,,,
02-MM-Direct-Equipment-Control.json,39,Clock Town East Treasure Chest Game Zora,Bronze Scale,Bronze Scale,Foreign OoT in MM,Direct equipment control,,,,,,
02-MM-Direct-Equipment-Control.json,40,Termina Field Scrub Large Crate,Silver Scale,Silver Scale,Foreign OoT in MM,Direct equipment control,,,,,,
02-MM-Direct-Equipment-Control.json,41,Termina Field Freestanding Rupee 01,Golden Scale,Golden Scale,Foreign OoT in MM,Direct equipment control,,,,,,
02-MM-Direct-Equipment-Control.json,42,Termina Field Man In The Tree Rupee 01,Stone of Agony,Stone of Agony,Foreign OoT in MM,Direct equipment control,,,,,,
02-MM-Direct-Equipment-Control.json,43,Termina Field Man In The Tree Rupee 02,Quartz of Motion,Quartz of Motion,Foreign OoT in MM,Direct equipment control,,,,,,
02-MM-Direct-Equipment-Control.json,44,Deku Playground Day 1 Rupee 01,Hero's Shield,Hero's Shield,Native MM,Direct equipment control,,,,,,
03-MM-Native-Progressive-Control.json,1,Clock Town West Trading Post Pot,Progressive Sword,Kokiri Sword,Native MM,Kokiri chain 1/3,,,,,,
03-MM-Native-Progressive-Control.json,2,Swordsman School Pot 01,Progressive Sword,Razor Sword,Native MM,Kokiri chain 2/3,,,,,,
03-MM-Native-Progressive-Control.json,3,Swordsman School Pot 02,Progressive Sword,Gilded Sword,Native MM,Kokiri chain 3/3,,,,,,
03-MM-Native-Progressive-Control.json,4,Swordsman School Pot 03,Progressive Master Sword,Master Sword,Native MM,Master chain 1/2,,,,,,
03-MM-Native-Progressive-Control.json,5,Swordsman School Pot 04,Progressive Master Sword,Real Master Sword,Native MM,Master chain 2/2,,,,,,
03-MM-Native-Progressive-Control.json,6,Swordsman School Pot 05,Progressive Biggoron's Sword,Biggoron's Sword,Native MM,Biggoron chain 1/2,,,,,,
03-MM-Native-Progressive-Control.json,7,Astral Observatory Passage Pot 01,Progressive Biggoron's Sword,Great Fairy's Sword,Native MM,Biggoron chain 2/2,,,,,,
03-MM-Native-Progressive-Control.json,8,Astral Observatory Passage Pot 02,Progressive Hammer,Megaton Hammer,Native MM,Hammer chain 1/2,,,,,,
03-MM-Native-Progressive-Control.json,9,Astral Observatory Passage Pot 03,Progressive Hammer,Iron Knuckle's Axe,Native MM,Hammer chain 2/2,,,,,,
03-MM-Native-Progressive-Control.json,10,Astral Observatory Passage Pot 04,Champion's Tunic,Champion's Tunic,Native MM,Native custom equipment,,,,,,
03-MM-Native-Progressive-Control.json,11,Astral Observatory Pot 01,Sage's Tunic,Sage's Tunic,Native MM,Native custom equipment,,,,,,
03-MM-Native-Progressive-Control.json,12,Astral Observatory Pot 02,Magic Tunic,Magic Tunic,Native MM,Native custom equipment,,,,,,
03-MM-Native-Progressive-Control.json,13,Astral Observatory Pot 03,Magic Cape,Magic Cape,Native MM,Native custom equipment,,,,,,
03-MM-Native-Progressive-Control.json,14,Astral Observatory Passage Chest,Pendant of Memories,Pendant of Memories,Native MM,Native custom equipment,,,,,,
03-MM-Native-Progressive-Control.json,15,Clock Town East Upper Chest,Hero's Shield,Hero's Shield,Native MM,Native MM equipment,,,,,,
04-MM-Legacy-Goron-Sword-Control.json,1,Clock Town West Trading Post Pot,Progressive Goron Sword,Biggoron's Sword,Foreign OoT in MM,Legacy donor sword control,,,,,,
